Year,Sex,Value
2013,,3.57308
2013,Female,2.41221
2013,Male,4.79646
