{"data":{"Year":[2010,2011,2012,2013,2014,2015,2016,2017,2018,2019,2010,2011,2012,2013,2014,2015,2016,2017,2018,2019,2010,2011,2012,2013,2014,2015,2016,2017,2018,2019,2010,2011,2012,2013,2014,2015,2016,2017,2018,2019,2010,2011,2012,2013,2014,2015,2016,2017,2018,2019],"Degree of urbanisation":[null,null,null,null,null,null,null,null,null,null,"City","City","City","City","City","City","City","City","City","City","Rural","Rural","Rural","Rural","Rural","Rural","Rural","Rural","Rural","Rural","Town and semi-dense area","Town and semi-dense area","Town and semi-dense area","Town and semi-dense area","Town and semi-dense area","Town and semi-dense area","Town and semi-dense area","Town and semi-dense area","Town and semi-dense area","Town and semi-dense area","Urban","Urban","Urban","Urban","Urban","Urban","Urban","Urban","Urban","Urban"],"Value":[24.9338205693,25.0857409545,24.5908163844,24.5359870808,24.325443215,24.5642825335,24.6218316488,24.6618202461,24.676913924,23.9736622161,26.3345592656,26.443365758,25.9304584858,25.9658655698,25.840570872,26.014243505,26.0675850125,26.0671257267,26.1788177089,25.4991952276,24.1071675461,24.2842717963,23.7934479984,23.6951472003,23.4081863766,23.6759566366,23.7409640292,23.8251938469,23.7733735541,23.0518719578,25.4381787843,25.575247434,25.0917322939,25.0423296519,24.9342038532,25.1755937735,25.2176910748,25.1869085531,25.2636513278,24.5804077831,25.939504288,26.0605826625,25.560460377,25.5582639121,25.4403617294,25.6437652921,25.6919687549,25.6779335294,25.7739953672,25.092598633]},"edges":[]}