{"data":{"Year":[2002,2003,2004,2005,2006,2007,2008,2009,2010,2011,2012,2013,2014,2015,2016,2017,2018,2019,2020],"Value":[19.66777,6.78544,39.36183,9.33156,10.93982,15.86222,25.38293,68.20874,200.81564,64.22325,99.01248,198.03062,141.61778,326.6803,165.27974,317.49029,214.4335,153.56235,122.79407]},"edges":[]}