{"data":{"Year":[2000,2005,2010,2015,2019,2000,2005,2010,2015,2019,2000,2005,2010,2015,2019],"UPPER_BOUND":["1.31677","1.66826","2.21043","2.38325","3.10384","0.46468","0.59413","0.79413","0.84462","1.10871","2.20168","2.81014","3.73011","3.95447","5.12206"],"LOWER_BOUND":["0.26433","0.41874","0.74166","1.05297","1.44674","0.09329","0.14727","0.26187","0.36903","0.5034","0.44155","0.69885","1.23919","1.74868","2.39348"],"Sex":[null,null,null,null,null,"Female","Female","Female","Female","Female","Male","Male","Male","Male","Male"],"Upper bound value":["3.10384","3.10384","3.10384","3.10384","3.10384","1.10871","1.10871","1.10871","1.10871","1.10871","5.12206","5.12206","5.12206","5.12206","5.12206"],"Lower bound value":["1.44674","1.44674","1.44674","1.44674","1.44674","0.5034","0.5034","0.5034","0.5034","0.5034","2.39348","2.39348","2.39348","2.39348","2.39348"],"Value":[0.71657,0.91806,1.47407,1.6046,2.20405,0.25393,0.3245,0.52054,0.56622,0.7757,1.19218,1.52881,2.45355,2.6621,3.65539]},"edges":{"From":["UPPER_BOUND","LOWER_BOUND","Lower bound value","Upper bound value"],"To":["LOWER_BOUND","Upper bound value","Sex","Lower bound value"]}}