{"data":{"Year":[2013,2013,2013],"Sex":[null,"Female","Male"],"Value":[3.57308,2.41221,4.79646]},"edges":[]}