{"data":{"Year":[2006,2007,2008,2009,2010,2011,2012,2013,2014,2015,2016,2017,2018,2019,2020],"Value":[2.23912,1.74912,2.89835,7.67697,3.60424,4.79953,5.76088,6.82602,5.50588,7.30168,6.27021,6.12814,7.01672,18.55728,10.53562]},"edges":[]}