{"data":{"Year":[1995,1999,2004,2010,2015,2010,2015,2010,2015,2010,2015,2010,2015,2010,2015,2010,2015,2010,2015],"SEX":[null,null,null,null,null,null,null,null,null,null,null,null,null,null,null,"F","F","M","M"],"AGE":[null,null,null,null,null,null,null,null,null,"Y_GE65","Y_GE65","Y0T14","Y0T14","Y15T64","Y15T64",null,null,null,null],"URBANISATION":[null,null,null,null,null,"R","R","U","U",null,null,null,null,null,null,null,null,null,null],"Value":[65.2,52.7,34.3,31.3,27.0,34.90585,30.71564,12.90413,11.28973,22.5673,20.62819,36.22651,31.53201,27.2438,23.53511,30.88158,26.36629,31.64955,27.58993]},"edges":[]}