Year,Value
2005,46.86761
2010,51.80986
2015,56.61698
2016,51.81347
2017,58.01789
2018,58.60228
2019,44.93035
2020,42.87817
