Year,Value
2000,92.17158
2002,89.07633
2004,85.98109
2006,82.88584
2008,79.7906
2010,76.69536
2012,73.60011
2014,70.50487
2016,67.40962
2018,64.31438
2020,64.31438
