Year,Value
2010,24.9338205692687
2011,25.0857409544862
2012,24.590816384436
2013,24.5359870808209
2014,24.325443215046
2015,24.5642825334886
2016,24.6218316488463
2017,24.6618202460601
2018,24.6769139240103
2019,23.973662216072
