Year,Value
2002,1.85542
2003,1.63967
2004,1.5678
2005,1.52087
2006,1.62066
2007,1.76184
2008,1.80136
2009,1.92977
2010,2.20009
2011,2.45728
2012,2.45208
2013,2.79356
2014,3.15588
2015,3.55932
2016,3.84432
2017,4.317
2018,4.86982
2019,5.11056
