Year,Value
2005,21.06192
2007,20.01875
2013,44.73122
2017,90.52892
