{"data":{"Year":[2000,2001,2002,2006,2007,2008,2009,2010,2011,2012,2013,2014,2015,2016,2017,2018],"NATURE":["C","C","E","C","C","C","C","C","C","C","C","C","C","C","C","C"],"Value":[14.90773,14.46177,16.18775,23.97538,24.69945,26.35573,23.58375,26.30404,29.67443,30.53954,27.0211,25.91838,27.09871,23.01336,26.50992,24.00155]},"edges":[]}