{"data":{"Year":[2005,2010,2015,2016,2017,2018,2019,2020,2005,2010,2015,2016,2017,2018,2019,2020,2005,2017,2018,2020,2005,2010,2015,2016,2017,2018,2019,2020,2005,2010,2015,2016,2017,2018,2019,2020,2017,2018,2005,2010,2015,2016,2017,2018,2019,2020],"Type of product":[null,null,null,null,null,null,null,null,"Agriculture products","Agriculture products","Agriculture products","Agriculture products","Agriculture products","Agriculture products","Agriculture products","Agriculture products","Arms","Arms","Arms","Arms","Clothing","Clothing","Clothing","Clothing","Clothing","Clothing","Clothing","Clothing","Industrial products","Industrial products","Industrial products","Industrial products","Industrial products","Industrial products","Industrial products","Industrial products","Oil","Oil","Textiles","Textiles","Textiles","Textiles","Textiles","Textiles","Textiles","Textiles"],"Observation-level footnotes":[null,null,null,null,null,null,null,null,null,null,null,null,null,null,null,null,"Obs_Value = 0;  ","Obs_Value = 0;  ","Obs_Value = 0;  ","Obs_Value = 0;  ",null,null,null,null,null,null,null,null,null,null,null,null,null,null,null,null,null,null,null,null,null,null,null,null,null,null],"COMMENT_OBS":[null,null,null,null,null,null,null,null,null,null,null,null,null,null,null,null,null,"Obs_Value = 0;  ","Obs_Value = 0;  ",null,null,null,null,null,null,null,null,null,null,null,null,null,null,null,null,null,null,null,null,null,null,null,null,null,null,null],"Value":[46.86761,51.80986,56.61698,51.81347,58.01789,58.60228,44.93035,42.87817,49.02597,51.86522,54.22716,55.19013,61.90083,62.09476,57.95276,57.98687,100.0,0.0,0.0,75.0,36.60714,73.41772,56.69856,53.05164,55.57029,56.65761,43.85522,43.27666,45.27873,49.36709,60.15727,49.84848,58.48256,59.16031,41.60305,37.77705,100.0,100.0,60.71429,47.05882,41.27907,44.88636,43.7037,43.86617,27.79456,27.77778]},"edges":{"From":["Type of product","Observation-level footnotes"],"To":["Observation-level footnotes","COMMENT_OBS"]}}