{"data":{"Year":[2000,2001,2002,2003,2004,2005,2006,2007,2008,2009,2010,2011,2012,2013,2014,2015,2016,2017,2018,2019,2020,2021],"UPPER_BOUND":["13.5741","13.5741","13.5741","13.5856","13.5856","13.6847","13.6847","14.2713","14.2713","14.2713","14.3961","15.956","15.9674","16.5874","16.5874","16.5874","16.5874","18.2164","18.2164","18.2164","18.2164","18.2164"],"LOWER_BOUND":["12.2845","12.2845","12.2845","12.296","12.296","12.3951","12.3951","13.0055","13.0055","13.0055","13.1303","14.6902","14.7015","16.5637","16.5637","16.5637","16.5637","18.2164","18.2164","18.2164","18.2164","18.2164"],"Value":[13.55031,13.55031,13.55031,13.58556,13.58556,13.68465,13.68465,14.27127,14.27127,14.27127,14.39614,15.95604,15.96735,16.5874,16.5874,16.5874,16.5874,18.21641,18.21641,18.21641,18.21641,18.21641]},"edges":{"From":["UPPER_BOUND"],"To":["LOWER_BOUND"]}}