{"data":{"Year":[2004,2005,2006,2007,2008,2009,2010,2011,2012,2004,2005,2006,2007,2008,2009,2010,2011,2012],"SDG Series":["Number of automated teller machines (ATMs) per 100,000 adults [8.10.1]","Number of automated teller machines (ATMs) per 100,000 adults [8.10.1]","Number of automated teller machines (ATMs) per 100,000 adults [8.10.1]","Number of automated teller machines (ATMs) per 100,000 adults [8.10.1]","Number of automated teller machines (ATMs) per 100,000 adults [8.10.1]","Number of automated teller machines (ATMs) per 100,000 adults [8.10.1]","Number of automated teller machines (ATMs) per 100,000 adults [8.10.1]","Number of automated teller machines (ATMs) per 100,000 adults [8.10.1]","Number of automated teller machines (ATMs) per 100,000 adults [8.10.1]","Number of commercial bank branches per 100,000 adults [8.10.1]","Number of commercial bank branches per 100,000 adults [8.10.1]","Number of commercial bank branches per 100,000 adults [8.10.1]","Number of commercial bank branches per 100,000 adults [8.10.1]","Number of commercial bank branches per 100,000 adults [8.10.1]","Number of commercial bank branches per 100,000 adults [8.10.1]","Number of commercial bank branches per 100,000 adults [8.10.1]","Number of commercial bank branches per 100,000 adults [8.10.1]","Number of commercial bank branches per 100,000 adults [8.10.1]"],"Value":[0.02016,0.01958,0.03085,0.04137,0.06892,0.09879,0.30045,0.31928,0.46296,0.84169,0.92284,0.94675,1.08705,1.205,1.32725,1.37376,1.90972,2.94295]},"edges":[]}