{"Year":[2000,2001,2002,2003,2004,2005,2006,2007,2008,2009,2010,2011,2012,2013,2014,2015,2016,2017,2018,2019,2020],"Value":[681.71064,1048.57064,1089.33,1642.01167,1674.04467,1920.23467,2017.906,2519.76411,3178.78775,4069.68885,3709.96066,3510.69249,3324.81034,3861.38199,3874.43073,4120.9703,4943.8072,5262.0776,5406.62932,4793.37419,5458.11075]}