{"Year":[2000,2002,2004,2006,2008,2010,2012,2014,2016,2018,2020],"Value":[92.17158,89.07633,85.98109,82.88584,79.7906,76.69536,73.60011,70.50487,67.40962,64.31438,64.31438]}