{"Year":[2000,2001,2002,2003,2004,2005,2006,2007,2008,2009,2010,2011,2012,2013],"Value":[67.90718,71.05802,78.59997,78.32996,81.16365,62.77698,72.29733,74.64246,83.53134,86.7415,92.48299,90.1951,94.22252,94.99596]}