{"Year":[1993,1994,1995,1996,1997,1998,1999,2000,2001,2002,2003,2004,2005,2006,2007,2008,2009,2010,2011,2012,2013,2014,2015,2016,2017,2018,2019,2020,2021,2022],"UPPER_BOUND":["0.85736","0.857","0.85706","0.85643","0.8564","0.85651","0.85658","0.85641","0.85648","0.85657","0.85669","0.85704","0.85705","0.85768","0.85794","0.85812","0.85843","0.85909","0.8599","0.86082","0.86137","0.86146","0.86215","0.86344","0.86398","0.86515","0.86602","0.86676","0.86689","0.86852"],"LOWER_BOUND":["0.84056","0.84041","0.84045","0.84073","0.84036","0.84005","0.83966","0.83938","0.83975","0.83882","0.83866","0.83803","0.83755","0.83735","0.8363","0.8366","0.83569","0.83452","0.8334","0.83395","0.83304","0.83263","0.83231","0.83105","0.83096","0.83093","0.82943","0.82917","0.82899","0.8283"],"Value":[0.84953,0.84956,0.8496,0.84958,0.84956,0.84969,0.84958,0.84958,0.84954,0.84968,0.84951,0.84961,0.84968,0.84957,0.8496,0.8495,0.84951,0.84978,0.84975,0.84991,0.84997,0.84996,0.84996,0.8502,0.85014,0.84996,0.85012,0.85034,0.85035,0.85028]}