{"Year":[1981,1982,1983,1984,1985,1986,1987,1988,1989,1990,1991,1992,1993,1994,1995,1996,1997,1998,1999,2000,2001,2002,2003,2004,2005,2006,2007,2008,2009,2010,2011,2012,2013,2014,2015,2016,2017,2018,2019,2020],"Value":[0.14312,0.13225,0.12856,0.14201,0.14981,0.13784,0.08122,0.10362,0.05641,0.04285,0.07248,0.14313,0.20814,0.35545,0.35699,0.18732,0.10749,0.34935,0.438,0.64494,0.22249,0.42017,0.53887,1.32011,1.39922,1.12659,1.81574,1.42867,0.80648,1.45703,1.6848,1.44158,1.7483,3.23018,1.68292,1.0394,0.48108,0.51777,0.50006,0.37539]}