{"Year":[1977,1978,1979,1980,1981,1982,1983,1984,1985,1986,1987,1988,1989,1990,1991,1992,1993,1994,1995,1996,1997,1998,1999,2000,2001,2002,2003,2004,2005,2006,2007,2008,2009,2010,2011,2012,2013,2014,2015,2016,2017,2018,2019,2020],"Value":[5.76215,6.72809,5.33351,6.33659,9.08852,11.64921,17.68208,19.66864,23.63637,29.02003,36.01721,43.7504,39.71174,37.64597,29.02711,22.71638,17.92758,15.21607,18.33413,41.49836,9.86367,12.08516,16.17264,13.6317,18.38973,7.90545,7.16333,5.50917,4.29923,5.80117,4.62067,2.91661,2.78314,3.77538,5.85057,7.1317,10.67213,11.81593,18.1639,20.62202,22.01043,21.16442,28.09249,25.76514]}