{"Year":[2005,2007,2010,2013,2017],"COMMENT_OBS":[null,null,"Break in series with previous year for which data are available",null,null],"Value":[21.06192,20.01875,42.22959,44.73122,90.52892]}