{"Year":[2016,2017,2018,2019],"Value":[2564227.34613,7698159.4554000003,2029879.0208000001,3167810.8999999999]}