{"Year":[2001,2002,2003,2004,2005,2006,2007,2008,2009,2010,2011,2012,2013,2014,2015,2016,2017,2018,2019,2020],"Value":[40.0616,38.83975,42.95101,44.52298,42.78844,56.99755,62.51616,47.00123,40.24955,44.40998,56.19767,84.93441,61.11425,60.40495,58.46793,54.46726,51.04451,52.9356,53.70475,57.62164]}