{"Year":[2000,2001,2002,2003,2004,2005,2006,2007,2008,2009,2010,2011,2012,2013,2014,2015,2016,2017,2018,2019,2020],"NATURE":["M","E","E","E","E","E","E","E","E","E","E","E","E","E","E","E","E","E","CA","CA","CA"],"UPPER_BOUND":["336.757","416.425","381.929","496.374","660.31","456.943","445.176","363.877","291.379","403.019","450.907","387.39","382.918","351.589","279.143","237.375","166.374","115.831","56.5771","51.8357","81.0364"],"LOWER_BOUND":["138.41","76.6947","74.2378","89.5673","75.6781","53.7196","44.2496","37.6224","38.9921","42.7503","50.239","71.5152","94.7828","105.434","55.8595","50.6503","40.2162","34.4858","20.8794","19.2459","29.9299"],"Value":[222.32654,231.74076,205.86285,217.67103,222.27453,152.03924,141.754,121.48373,100.63729,135.90376,155.28339,155.21523,174.57854,191.60648,158.77764,133.78502,92.28263,67.05237,37.60894,34.70765,54.12619]}