{"Year":[2007,2008,2009,2010,2011,2012,2014,2015,2020,2007,2008,2009,2010,2011,2012,2014,2015,2020,2007,2008,2009,2010,2011,2012,2014,2015,2020],"NATURE":["C","C","C","C","E","E","C","C","C","C","C","C","C","E","E","C","C","C","C","C","C","C","E","E","C","C","C"],"Sex":[null,null,null,null,null,null,null,null,null,"Female","Female","Female","Female","Female","Female","Female","Female","Female","Male","Male","Male","Male","Male","Male","Male","Male","Male"],"Value":[6.68707,6.29557,7.09685,5.19599,6.27363,24.86089,34.55035,37.16064,42.98112,6.45914,6.13019,6.78793,5.02005,6.07764,26.16343,33.15074,35.87642,41.34035,6.90948,6.4571,7.39897,5.36827,6.46564,23.58463,35.91901,38.41496,44.5791]}