{"Year":[2000,2001,2002,2003,2004,2005,2006,2007,2008,2009,2010,2011,2012,2013,2014,2015,2016,2017,2018,2019,2020,2000,2003,2004,2005,2006,2007,2008,2009,2010,2011,2012,2013,2014,2015,2016,2017,2018,2019,2020,2000,2001,2002,2003,2004,2005,2006,2007,2008,2009,2010,2011,2012,2013,2014,2015,2016,2017,2018,2019,2020],"NATURE":["C","M","M","M","M","C","M","M","M","M","M","C","M","M","C","C","C","C","M","M","M","M","M","M","M","M","M","M","M","M","M","M","M","M","M","M","M","M","M","M","C","M","M","M","M","C","M","M","M","M","M","C","M","M","C","C","C","C","M","M","M"],"Degree of urbanisation":[null,null,null,null,null,null,null,null,null,null,null,null,null,null,null,null,null,null,null,null,null,"Rural","Rural","Rural","Rural","Rural","Rural","Rural","Rural","Rural","Rural","Rural","Rural","Rural","Rural","Rural","Rural","Rural","Rural","Rural","Urban","Urban","Urban","Urban","Urban","Urban","Urban","Urban","Urban","Urban","Urban","Urban","Urban","Urban","Urban","Urban","Urban","Urban","Urban","Urban","Urban"],"Observation-level footnotes":[null,null,null,null,null,null,null,null,null,null,null,null,null,null,null,null,null,null,null,null,null,"Obs_Value = NaN;  data not available","Obs_Value = NaN;  data not available","Obs_Value = NaN;  data not available","Obs_Value = NaN;  data not available","Obs_Value = NaN;  data not available","Obs_Value = NaN;  data not available","Obs_Value = NaN;  data not available","Obs_Value = NaN;  data not available","Obs_Value = NaN;  data not available","Obs_Value = NaN;  data not available","Obs_Value = NaN;  data not available","Obs_Value = NaN;  data not available","Obs_Value = NaN;  data not available","Obs_Value = NaN;  data not available","Obs_Value = NaN;  data not available","Obs_Value = NaN;  data not available","Obs_Value = NaN;  data not available","Obs_Value = NaN;  data not available","Obs_Value = NaN;  data not available",null,null,null,null,null,null,null,null,null,null,null,null,null,null,null,null,null,null,null,null,null],"Value":[12.7,10.16249,11.85483,13.54194,15.22616,14.0,18.5954,20.28548,21.98279,23.69004,25.40994,23.0,28.89852,30.67167,27.2,29.0,42.9,44.3,44.9406,48.06359,51.09398,1.72193,1.4284,3.11762,0.64662,6.49284,8.17014,9.70068,11.24338,12.80029,9.59069,15.98019,17.62691,12.00608,15.49695,32.36384,30.97069,32.62995,36.05719,39.41491,76.2,79.24696,79.89574,80.55013,81.21709,85.7,82.61439,83.34597,84.09264,84.8487,85.60847,85.2,87.11639,87.85442,91.98252,85.0,85.4,96.6,91.92125,92.62444,93.24792]}