{"Year":[2000,2001,2002,2003,2004,2005,2006,2007,2008,2009,2010,2011,2012,2013,2014,2015,2016,2017,2018,2019,2020],"Value":[3.05878,5.22743,-1.35489,-4.91103,10.40766,8.73287,7.80886,8.437,7.79316,5.84384,9.46059,10.01706,5.61658,7.49984,7.21926,7.38539,4.68801,6.68456,4.05395,5.60435,3.39527]}